ds,year,week,month,quarter
2022-01-03,2022,1,1,1
2022-01-10,2022,2,1,1
2022-01-17,2022,3,1,1
2022-01-24,2022,4,1,1
2022-01-31,2022,5,1,1
2022-02-07,2022,6,2,1
2022-02-14,2022,7,2,1
2022-02-21,2022,8,2,1
2022-02-28,2022,9,2,1
2022-03-07,2022,10,3,1
2022-03-14,2022,11,3,1
2022-03-21,2022,12,3,1
2022-03-28,2022,13,3,1
2022-04-04,2022,14,4,2
2022-04-11,2022,15,4,2
2022-04-18,2022,16,4,2
2022-04-25,2022,17,4,2
2022-05-02,2022,18,5,2
2022-05-09,2022,19,5,2
2022-05-16,2022,20,5,2
2022-05-23,2022,21,5,2
2022-05-30,2022,22,5,2
2022-06-06,2022,23,6,2
2022-06-13,2022,24,6,2
2022-06-20,2022,25,6,2
2022-06-27,2022,26,6,2
2022-07-04,2022,27,7,3
2022-07-11,2022,28,7,3
2022-07-18,2022,29,7,3
2022-07-25,2022,30,7,3
2022-08-01,2022,31,8,3
2022-08-08,2022,32,8,3
2022-08-15,2022,33,8,3
2022-08-22,2022,34,8,3
2022-08-29,2022,35,8,3
2022-09-05,2022,36,9,3
2022-09-12,2022,37,9,3
2022-09-19,2022,38,9,3
2022-09-26,2022,39,9,3
2022-10-03,2022,40,10,4
2022-10-10,2022,41,10,4
2022-10-17,2022,42,10,4
2022-10-24,2022,43,10,4
2022-10-31,2022,44,10,4
2022-11-07,2022,45,11,4
2022-11-14,2022,46,11,4
2022-11-21,2022,47,11,4
2022-11-28,2022,48,11,4
2022-12-05,2022,49,12,4
2022-12-12,2022,50,12,4
2022-12-19,2022,51,12,4
2022-12-26,2022,52,12,4
2023-01-02,2023,1,1,1
2023-01-09,2023,2,1,1
2023-01-16,2023,3,1,1
2023-01-23,2023,4,1,1
2023-01-30,2023,5,1,1
2023-02-06,2023,6,2,1
2023-02-13,2023,7,2,1
2023-02-20,2023,8,2,1
2023-02-27,2023,9,2,1
2023-03-06,2023,10,3,1
2023-03-13,2023,11,3,1
2023-03-20,2023,12,3,1
2023-03-27,2023,13,3,1
2023-04-03,2023,14,4,2
2023-04-10,2023,15,4,2
2023-04-17,2023,16,4,2
2023-04-24,2023,17,4,2
2023-05-01,2023,18,5,2
2023-05-08,2023,19,5,2
2023-05-15,2023,20,5,2
2023-05-22,2023,21,5,2
2023-05-29,2023,22,5,2
2023-06-05,2023,23,6,2
2023-06-12,2023,24,6,2
2023-06-19,2023,25,6,2
2023-06-26,2023,26,6,2
2023-07-03,2023,27,7,3
2023-07-10,2023,28,7,3
2023-07-17,2023,29,7,3
2023-07-24,2023,30,7,3
2023-07-31,2023,31,7,3
2023-08-07,2023,32,8,3
2023-08-14,2023,33,8,3
2023-08-21,2023,34,8,3
2023-08-28,2023,35,8,3
2023-09-04,2023,36,9,3
2023-09-11,2023,37,9,3
2023-09-18,2023,38,9,3
2023-09-25,2023,39,9,3
2023-10-02,2023,40,10,4
2023-10-09,2023,41,10,4
2023-10-16,2023,42,10,4
2023-10-23,2023,43,10,4
2023-10-30,2023,44,10,4
2023-11-06,2023,45,11,4
2023-11-13,2023,46,11,4
2023-11-20,2023,47,11,4
2023-11-27,2023,48,11,4
2023-12-04,2023,49,12,4
2023-12-11,2023,50,12,4
2023-12-18,2023,51,12,4
2023-12-25,2023,52,12,4
2024-01-01,2024,1,1,1
2024-01-08,2024,2,1,1
2024-01-15,2024,3,1,1
2024-01-22,2024,4,1,1
2024-01-29,2024,5,1,1
2024-02-05,2024,6,2,1
2024-02-12,2024,7,2,1
2024-02-19,2024,8,2,1
2024-02-26,2024,9,2,1
2024-03-04,2024,10,3,1
2024-03-11,2024,11,3,1
2024-03-18,2024,12,3,1
2024-03-25,2024,13,3,1
2024-04-01,2024,14,4,2
2024-04-08,2024,15,4,2
2024-04-15,2024,16,4,2
2024-04-22,2024,17,4,2
2024-04-29,2024,18,4,2
2024-05-06,2024,19,5,2
2024-05-13,2024,20,5,2
2024-05-20,2024,21,5,2
2024-05-27,2024,22,5,2
2024-06-03,2024,23,6,2
2024-06-10,2024,24,6,2
2024-06-17,2024,25,6,2
2024-06-24,2024,26,6,2
2024-07-01,2024,27,7,3
2024-07-08,2024,28,7,3
2024-07-15,2024,29,7,3
2024-07-22,2024,30,7,3
2024-07-29,2024,31,7,3
2024-08-05,2024,32,8,3
2024-08-12,2024,33,8,3
2024-08-19,2024,34,8,3
2024-08-26,2024,35,8,3
2024-09-02,2024,36,9,3
2024-09-09,2024,37,9,3
2024-09-16,2024,38,9,3
2024-09-23,2024,39,9,3
2024-09-30,2024,40,9,3
2024-10-07,2024,41,10,4
2024-10-14,2024,42,10,4
2024-10-21,2024,43,10,4
2024-10-28,2024,44,10,4
2024-11-04,2024,45,11,4
2024-11-11,2024,46,11,4
2024-11-18,2024,47,11,4
2024-11-25,2024,48,11,4
2024-12-02,2024,49,12,4
2024-12-09,2024,50,12,4
2024-12-16,2024,51,12,4
2024-12-23,2024,52,12,4
2024-12-30,2025,1,12,4
2025-01-06,2025,2,1,1
2025-01-13,2025,3,1,1
2025-01-20,2025,4,1,1
2025-01-27,2025,5,1,1
2025-02-03,2025,6,2,1
2025-02-10,2025,7,2,1
2025-02-17,2025,8,2,1
2025-02-24,2025,9,2,1
2025-03-03,2025,10,3,1
2025-03-10,2025,11,3,1
2025-03-17,2025,12,3,1
2025-03-24,2025,13,3,1
2025-03-31,2025,14,3,1
2025-04-07,2025,15,4,2
2025-04-14,2025,16,4,2
2025-04-21,2025,17,4,2
2025-04-28,2025,18,4,2
2025-05-05,2025,19,5,2
2025-05-12,2025,20,5,2
2025-05-19,2025,21,5,2
2025-05-26,2025,22,5,2
2025-06-02,2025,23,6,2
2025-06-09,2025,24,6,2
2025-06-16,2025,25,6,2
2025-06-23,2025,26,6,2
2025-06-30,2025,27,6,2
2025-07-07,2025,28,7,3
2025-07-14,2025,29,7,3
2025-07-21,2025,30,7,3
2025-07-28,2025,31,7,3
2025-08-04,2025,32,8,3
2025-08-11,2025,33,8,3
2025-08-18,2025,34,8,3
2025-08-25,2025,35,8,3
2025-09-01,2025,36,9,3
2025-09-08,2025,37,9,3
2025-09-15,2025,38,9,3
2025-09-22,2025,39,9,3
2025-09-29,2025,40,9,3
2025-10-06,2025,41,10,4
2025-10-13,2025,42,10,4
2025-10-20,2025,43,10,4
2025-10-27,2025,44,10,4
2025-11-03,2025,45,11,4
2025-11-10,2025,46,11,4
